
DROP TABLE IF EXISTS `field_body`;
CREATE TABLE `field_body` (
  `pages_id` int(10) unsigned NOT NULL,
  `data` mediumtext NOT NULL,
  PRIMARY KEY (`pages_id`),
  FULLTEXT KEY `data` (`data`)
) ENGINE=MyISAM DEFAULT CHARSET=utf8;

INSERT INTO `field_body` (pages_id, data) VALUES('27', '<h3>The page you were looking for is not found.</h3><p>Please use our search engine or navigation above to find the page.</p>');
INSERT INTO `field_body` (pages_id, data) VALUES('1', '<h2>What is ProcessWire?</h2><p>ProcessWire gives you full control over your fields, templates and markup. It provides a powerful template system that works the way you do. Not to mention, ProcessWire\'s API makes working with your content easy and enjoyable. <a href=\"http://processwire.com\">Learn more</a></p><h2>Basic Site Profile</h2><p>This is a basic starter site for you to use in developing your own site. There are a few pages here to serve as examples, but this site profile does not make any attempt to demonstrate all that ProcessWire can do. To learn more or ask questions, visit the <a href=\"http://www.processwire.com/talk/\" target=\"_blank\">ProcessWire forums</a>. If you are building a new site, this basic profile is a good place to start. You may use these existing templates and design as they are, or you may replace them entirely. <a href=\"./templates/\">Read more</a></p>');
INSERT INTO `field_body` (pages_id, data) VALUES('1006', '<p>Body: Lorem ipsum dolor sit amet, consectetuer adipiscing elit. Aenean commodo ligula eget dolor. Aenean massa. Cum sociis natoque penatibus et magnis dis parturient montes, nascetur ridiculus mus. Donec quam felis, ultricies nec, pellentesque eu, pretium quis, sem. Nulla consequat massa quis enim.</p><p>Donec pede justo, fringilla vel, aliquet nec, vulputate eget, arcu. In enim justo, rhoncus ut, imperdiet a, venenatis vitae, justo. Nullam dictum felis eu pede mollis pretium. Integer tincidunt. Cras dapibus. Vivamus elementum semper nisi. Aenean vulputate eleifend tellus.</p>');
INSERT INTO `field_body` (pages_id, data) VALUES('1010', '<p>Lorem ipsum dolor sit amet, consectetuer adipiscing elit. Aenean commodo ligula eget dolor. Aenean massa.</p>');
INSERT INTO `field_body` (pages_id, data) VALUES('1011', '<p>Lorem ipsum dolor sit amet, consectetuer adipiscing elit. Aenean commodo ligula eget dolor. Aenean massa.</p>');
INSERT INTO `field_body` (pages_id, data) VALUES('1012', '<p>Lorem ipsum dolor sit amet, consectetuer adipiscing elit. Aenean commodo ligula eget dolor. Aenean massa.</p>');
INSERT INTO `field_body` (pages_id, data) VALUES('1024', '<p>Content Subpage Body: Cum sociis natoque penatibus et magnis dis parturient montes, nascetur ridiculus mus. Donec quam felis, ultricies nec, pellentesque eu, pretium quis, sem. Nulla consequat massa quis enim. Donec pede justo, fringilla vel, aliquet nec, vulputate eget, arcu. In enim justo, rhoncus ut, imperdiet a, venenatis vitae, justo.</p>');

DROP TABLE IF EXISTS `field_contentteaser`;
CREATE TABLE `field_contentteaser` (
  `pages_id` int(10) unsigned NOT NULL,
  `data` text NOT NULL,
  `count` int(11) NOT NULL,
  `parent_id` int(11) NOT NULL,
  PRIMARY KEY (`pages_id`),
  KEY `data_exact` (`data`(1)),
  KEY `count` (`count`,`pages_id`),
  KEY `parent_id` (`parent_id`,`pages_id`),
  FULLTEXT KEY `data` (`data`)
) ENGINE=MyISAM DEFAULT CHARSET=utf8;

INSERT INTO `field_contentteaser` (pages_id, data, count, parent_id) VALUES('1', '1010,1011,1012', '3', '1009');
INSERT INTO `field_contentteaser` (pages_id, data, count, parent_id) VALUES('1024', '', '0', '1025');

DROP TABLE IF EXISTS `field_headline`;
CREATE TABLE `field_headline` (
  `pages_id` int(10) unsigned NOT NULL,
  `data` text NOT NULL,
  PRIMARY KEY (`pages_id`),
  FULLTEXT KEY `data` (`data`)
) ENGINE=MyISAM DEFAULT CHARSET=utf8;

INSERT INTO `field_headline` (pages_id, data) VALUES('1', 'Unsemantic Site Profile for Processwire');
INSERT INTO `field_headline` (pages_id, data) VALUES('1010', 'Teaser 1');
INSERT INTO `field_headline` (pages_id, data) VALUES('1006', 'I am  the Content Page');
INSERT INTO `field_headline` (pages_id, data) VALUES('1011', 'Teaser 2');
INSERT INTO `field_headline` (pages_id, data) VALUES('1012', 'Teaser 2');
INSERT INTO `field_headline` (pages_id, data) VALUES('1024', 'Content Subpage');

DROP TABLE IF EXISTS `field_images`;
CREATE TABLE `field_images` (
  `pages_id` int(10) unsigned NOT NULL,
  `data` varchar(255) NOT NULL,
  `sort` int(10) unsigned NOT NULL,
  `description` text NOT NULL,
  `modified` datetime DEFAULT NULL,
  `created` datetime DEFAULT NULL,
  PRIMARY KEY (`pages_id`,`sort`),
  KEY `data` (`data`),
  KEY `modified` (`modified`),
  KEY `created` (`created`),
  FULLTEXT KEY `description` (`description`)
) ENGINE=MyISAM DEFAULT CHARSET=utf8;


INSERT INTO `field_process` (pages_id, data) VALUES('6', '17') ON DUPLICATE KEY UPDATE pages_id=VALUES(pages_id), data=VALUES(data);
INSERT INTO `field_process` (pages_id, data) VALUES('3', '12') ON DUPLICATE KEY UPDATE pages_id=VALUES(pages_id), data=VALUES(data);
INSERT INTO `field_process` (pages_id, data) VALUES('8', '12') ON DUPLICATE KEY UPDATE pages_id=VALUES(pages_id), data=VALUES(data);
INSERT INTO `field_process` (pages_id, data) VALUES('9', '14') ON DUPLICATE KEY UPDATE pages_id=VALUES(pages_id), data=VALUES(data);
INSERT INTO `field_process` (pages_id, data) VALUES('10', '7') ON DUPLICATE KEY UPDATE pages_id=VALUES(pages_id), data=VALUES(data);
INSERT INTO `field_process` (pages_id, data) VALUES('11', '47') ON DUPLICATE KEY UPDATE pages_id=VALUES(pages_id), data=VALUES(data);
INSERT INTO `field_process` (pages_id, data) VALUES('16', '48') ON DUPLICATE KEY UPDATE pages_id=VALUES(pages_id), data=VALUES(data);
INSERT INTO `field_process` (pages_id, data) VALUES('300', '104') ON DUPLICATE KEY UPDATE pages_id=VALUES(pages_id), data=VALUES(data);
INSERT INTO `field_process` (pages_id, data) VALUES('21', '50') ON DUPLICATE KEY UPDATE pages_id=VALUES(pages_id), data=VALUES(data);
INSERT INTO `field_process` (pages_id, data) VALUES('29', '66') ON DUPLICATE KEY UPDATE pages_id=VALUES(pages_id), data=VALUES(data);
INSERT INTO `field_process` (pages_id, data) VALUES('23', '10') ON DUPLICATE KEY UPDATE pages_id=VALUES(pages_id), data=VALUES(data);
INSERT INTO `field_process` (pages_id, data) VALUES('304', '138') ON DUPLICATE KEY UPDATE pages_id=VALUES(pages_id), data=VALUES(data);
INSERT INTO `field_process` (pages_id, data) VALUES('31', '136') ON DUPLICATE KEY UPDATE pages_id=VALUES(pages_id), data=VALUES(data);
INSERT INTO `field_process` (pages_id, data) VALUES('22', '76') ON DUPLICATE KEY UPDATE pages_id=VALUES(pages_id), data=VALUES(data);
INSERT INTO `field_process` (pages_id, data) VALUES('30', '68') ON DUPLICATE KEY UPDATE pages_id=VALUES(pages_id), data=VALUES(data);
INSERT INTO `field_process` (pages_id, data) VALUES('303', '129') ON DUPLICATE KEY UPDATE pages_id=VALUES(pages_id), data=VALUES(data);
INSERT INTO `field_process` (pages_id, data) VALUES('2', '87') ON DUPLICATE KEY UPDATE pages_id=VALUES(pages_id), data=VALUES(data);
INSERT INTO `field_process` (pages_id, data) VALUES('302', '121') ON DUPLICATE KEY UPDATE pages_id=VALUES(pages_id), data=VALUES(data);
INSERT INTO `field_process` (pages_id, data) VALUES('301', '109') ON DUPLICATE KEY UPDATE pages_id=VALUES(pages_id), data=VALUES(data);
INSERT INTO `field_process` (pages_id, data) VALUES('28', '76') ON DUPLICATE KEY UPDATE pages_id=VALUES(pages_id), data=VALUES(data);
INSERT INTO `field_process` (pages_id, data) VALUES('1029', '152') ON DUPLICATE KEY UPDATE pages_id=VALUES(pages_id), data=VALUES(data);

DROP TABLE IF EXISTS `field_sidebar`;
CREATE TABLE `field_sidebar` (
  `pages_id` int(10) unsigned NOT NULL,
  `data` mediumtext NOT NULL,
  PRIMARY KEY (`pages_id`),
  FULLTEXT KEY `data` (`data`)
) ENGINE=MyISAM DEFAULT CHARSET=utf8;

INSERT INTO `field_sidebar` (pages_id, data) VALUES('1', '<h3>About ProcessWire</h3><p>ProcessWire is an open source CMS and web application framework aimed at the needs of designers, developers and their clients.</p><p><a href=\"http://processwire.com/about/\" target=\"_blank\">About ProcessWire</a><br /><a href=\"http://processwire.com/api/\">Developer API</a><br /><a href=\"http://processwire.com/contact/\">Contact Us</a><br /><a href=\"http://twitter.com/rc_d\">Follow Us on Twitter</a></p>');
INSERT INTO `field_sidebar` (pages_id, data) VALUES('1006', '<h2>I am the Sidebar</h2><p>Lorem ipsum dolor sit amet, consectetuer adipiscing elit. Aenean commodo ligula eget dolor. Aenean massa. Cum sociis natoque penatibus et magnis dis parturient montes, nascetur ridiculus mus. Donec quam felis, ultricies nec, pellentesque eu, pretium quis, sem. Nulla consequat massa quis enim.</p>');
INSERT INTO `field_sidebar` (pages_id, data) VALUES('1024', '<h2>I am the Subpage Sidebar</h2><p>Content Subpage Sidebar: Nulla consequat massa quis enim. Donec pede justo, fringilla vel, aliquet nec, vulputate eget, arcu. In enim justo, rhoncus ut, imperdiet a, venenatis vitae, justo.</p>');

DROP TABLE IF EXISTS `field_summary`;
CREATE TABLE `field_summary` (
  `pages_id` int(10) unsigned NOT NULL,
  `data` mediumtext NOT NULL,
  PRIMARY KEY (`pages_id`),
  FULLTEXT KEY `data` (`data`)
) ENGINE=MyISAM DEFAULT CHARSET=utf8;

INSERT INTO `field_summary` (pages_id, data) VALUES('1024', 'Content Subpage Summary: Lorem ipsum dolor sit amet, consectetuer adipiscing elit. Aenean commodo ligula eget dolor. Aenean massa.');
INSERT INTO `field_summary` (pages_id, data) VALUES('1005', 'View this template\'s source for a demonstration of how to create a basic site map. ');
INSERT INTO `field_summary` (pages_id, data) VALUES('1006', 'Summary: Lorem ipsum dolor sit amet, consectetuer adipiscing elit. Aenean commodo ligula eget dolor. Aenean massa. Cum sociis natoque penatibus et magnis dis parturient montes, nascetur ridiculus mus. Donec quam felis, ultricies nec, pellentesque eu, pretium quis, sem. Nulla consequat massa quis enim.');
INSERT INTO `field_summary` (pages_id, data) VALUES('1', 'ProcessWire is an open source CMS and web application framework aimed at the needs of designers, developers and their clients. ');

INSERT INTO `field_title` (pages_id, data) VALUES('1', 'Home') ON DUPLICATE KEY UPDATE pages_id=VALUES(pages_id), data=VALUES(data);
INSERT INTO `field_title` (pages_id, data) VALUES('1007', 'Repeaters') ON DUPLICATE KEY UPDATE pages_id=VALUES(pages_id), data=VALUES(data);
INSERT INTO `field_title` (pages_id, data) VALUES('1000', 'Search') ON DUPLICATE KEY UPDATE pages_id=VALUES(pages_id), data=VALUES(data);
INSERT INTO `field_title` (pages_id, data) VALUES('1006', 'Content Page') ON DUPLICATE KEY UPDATE pages_id=VALUES(pages_id), data=VALUES(data);
INSERT INTO `field_title` (pages_id, data) VALUES('1005', 'Site Map') ON DUPLICATE KEY UPDATE pages_id=VALUES(pages_id), data=VALUES(data);
INSERT INTO `field_title` (pages_id, data) VALUES('1008', 'contentTeaser') ON DUPLICATE KEY UPDATE pages_id=VALUES(pages_id), data=VALUES(data);
INSERT INTO `field_title` (pages_id, data) VALUES('1009', 'home') ON DUPLICATE KEY UPDATE pages_id=VALUES(pages_id), data=VALUES(data);
INSERT INTO `field_title` (pages_id, data) VALUES('1016', 'content-page') ON DUPLICATE KEY UPDATE pages_id=VALUES(pages_id), data=VALUES(data);
INSERT INTO `field_title` (pages_id, data) VALUES('1024', 'Content Subpage') ON DUPLICATE KEY UPDATE pages_id=VALUES(pages_id), data=VALUES(data);
INSERT INTO `field_title` (pages_id, data) VALUES('1025', 'content-subpage') ON DUPLICATE KEY UPDATE pages_id=VALUES(pages_id), data=VALUES(data);
INSERT INTO `field_title` (pages_id, data) VALUES('1029', 'Export Site Profile') ON DUPLICATE KEY UPDATE pages_id=VALUES(pages_id), data=VALUES(data);

INSERT INTO `fieldgroups` (id, name) VALUES('1', 'home') ON DUPLICATE KEY UPDATE id=VALUES(id), name=VALUES(name);
INSERT INTO `fieldgroups` (id, name) VALUES('88', 'sitemap') ON DUPLICATE KEY UPDATE id=VALUES(id), name=VALUES(name);
INSERT INTO `fieldgroups` (id, name) VALUES('83', 'basic-page') ON DUPLICATE KEY UPDATE id=VALUES(id), name=VALUES(name);
INSERT INTO `fieldgroups` (id, name) VALUES('80', 'search') ON DUPLICATE KEY UPDATE id=VALUES(id), name=VALUES(name);
INSERT INTO `fieldgroups` (id, name) VALUES('97', 'responsive') ON DUPLICATE KEY UPDATE id=VALUES(id), name=VALUES(name);
INSERT INTO `fieldgroups` (id, name) VALUES('98', 'repeater_contentTeaser') ON DUPLICATE KEY UPDATE id=VALUES(id), name=VALUES(name);

INSERT INTO `fieldgroups_fields` (fieldgroups_id, fields_id, sort, data) VALUES('2', '2', '1', '') ON DUPLICATE KEY UPDATE fieldgroups_id=VALUES(fieldgroups_id), fields_id=VALUES(fields_id), sort=VALUES(sort), data=VALUES(data);
INSERT INTO `fieldgroups_fields` (fieldgroups_id, fields_id, sort, data) VALUES('2', '1', '0', '') ON DUPLICATE KEY UPDATE fieldgroups_id=VALUES(fieldgroups_id), fields_id=VALUES(fields_id), sort=VALUES(sort), data=VALUES(data);
INSERT INTO `fieldgroups_fields` (fieldgroups_id, fields_id, sort, data) VALUES('3', '3', '0', '') ON DUPLICATE KEY UPDATE fieldgroups_id=VALUES(fieldgroups_id), fields_id=VALUES(fields_id), sort=VALUES(sort), data=VALUES(data);
INSERT INTO `fieldgroups_fields` (fieldgroups_id, fields_id, sort, data) VALUES('3', '4', '2', '') ON DUPLICATE KEY UPDATE fieldgroups_id=VALUES(fieldgroups_id), fields_id=VALUES(fields_id), sort=VALUES(sort), data=VALUES(data);
INSERT INTO `fieldgroups_fields` (fieldgroups_id, fields_id, sort, data) VALUES('4', '5', '0', '') ON DUPLICATE KEY UPDATE fieldgroups_id=VALUES(fieldgroups_id), fields_id=VALUES(fields_id), sort=VALUES(sort), data=VALUES(data);
INSERT INTO `fieldgroups_fields` (fieldgroups_id, fields_id, sort, data) VALUES('5', '1', '0', '') ON DUPLICATE KEY UPDATE fieldgroups_id=VALUES(fieldgroups_id), fields_id=VALUES(fields_id), sort=VALUES(sort), data=VALUES(data);
INSERT INTO `fieldgroups_fields` (fieldgroups_id, fields_id, sort, data) VALUES('3', '92', '1', '') ON DUPLICATE KEY UPDATE fieldgroups_id=VALUES(fieldgroups_id), fields_id=VALUES(fields_id), sort=VALUES(sort), data=VALUES(data);
INSERT INTO `fieldgroups_fields` (fieldgroups_id, fields_id, sort, data) VALUES('1', '1', '0', '') ON DUPLICATE KEY UPDATE fieldgroups_id=VALUES(fieldgroups_id), fields_id=VALUES(fields_id), sort=VALUES(sort), data=VALUES(data);
INSERT INTO `fieldgroups_fields` (fieldgroups_id, fields_id, sort, data) VALUES('1', '44', '5', '') ON DUPLICATE KEY UPDATE fieldgroups_id=VALUES(fieldgroups_id), fields_id=VALUES(fields_id), sort=VALUES(sort), data=VALUES(data);
INSERT INTO `fieldgroups_fields` (fieldgroups_id, fields_id, sort, data) VALUES('1', '76', '3', '') ON DUPLICATE KEY UPDATE fieldgroups_id=VALUES(fieldgroups_id), fields_id=VALUES(fields_id), sort=VALUES(sort), data=VALUES(data);
INSERT INTO `fieldgroups_fields` (fieldgroups_id, fields_id, sort, data) VALUES('80', '1', '0', '') ON DUPLICATE KEY UPDATE fieldgroups_id=VALUES(fieldgroups_id), fields_id=VALUES(fields_id), sort=VALUES(sort), data=VALUES(data);
INSERT INTO `fieldgroups_fields` (fieldgroups_id, fields_id, sort, data) VALUES('83', '1', '0', '') ON DUPLICATE KEY UPDATE fieldgroups_id=VALUES(fieldgroups_id), fields_id=VALUES(fields_id), sort=VALUES(sort), data=VALUES(data);
INSERT INTO `fieldgroups_fields` (fieldgroups_id, fields_id, sort, data) VALUES('83', '44', '5', '') ON DUPLICATE KEY UPDATE fieldgroups_id=VALUES(fieldgroups_id), fields_id=VALUES(fields_id), sort=VALUES(sort), data=VALUES(data);
INSERT INTO `fieldgroups_fields` (fieldgroups_id, fields_id, sort, data) VALUES('83', '76', '3', '') ON DUPLICATE KEY UPDATE fieldgroups_id=VALUES(fieldgroups_id), fields_id=VALUES(fields_id), sort=VALUES(sort), data=VALUES(data);
INSERT INTO `fieldgroups_fields` (fieldgroups_id, fields_id, sort, data) VALUES('83', '82', '4', '') ON DUPLICATE KEY UPDATE fieldgroups_id=VALUES(fieldgroups_id), fields_id=VALUES(fields_id), sort=VALUES(sort), data=VALUES(data);
INSERT INTO `fieldgroups_fields` (fieldgroups_id, fields_id, sort, data) VALUES('1', '78', '1', '') ON DUPLICATE KEY UPDATE fieldgroups_id=VALUES(fieldgroups_id), fields_id=VALUES(fields_id), sort=VALUES(sort), data=VALUES(data);
INSERT INTO `fieldgroups_fields` (fieldgroups_id, fields_id, sort, data) VALUES('83', '78', '1', '') ON DUPLICATE KEY UPDATE fieldgroups_id=VALUES(fieldgroups_id), fields_id=VALUES(fields_id), sort=VALUES(sort), data=VALUES(data);
INSERT INTO `fieldgroups_fields` (fieldgroups_id, fields_id, sort, data) VALUES('83', '79', '2', '') ON DUPLICATE KEY UPDATE fieldgroups_id=VALUES(fieldgroups_id), fields_id=VALUES(fields_id), sort=VALUES(sort), data=VALUES(data);
INSERT INTO `fieldgroups_fields` (fieldgroups_id, fields_id, sort, data) VALUES('88', '79', '1', '') ON DUPLICATE KEY UPDATE fieldgroups_id=VALUES(fieldgroups_id), fields_id=VALUES(fields_id), sort=VALUES(sort), data=VALUES(data);
INSERT INTO `fieldgroups_fields` (fieldgroups_id, fields_id, sort, data) VALUES('1', '79', '2', '') ON DUPLICATE KEY UPDATE fieldgroups_id=VALUES(fieldgroups_id), fields_id=VALUES(fields_id), sort=VALUES(sort), data=VALUES(data);
INSERT INTO `fieldgroups_fields` (fieldgroups_id, fields_id, sort, data) VALUES('1', '82', '4', '') ON DUPLICATE KEY UPDATE fieldgroups_id=VALUES(fieldgroups_id), fields_id=VALUES(fields_id), sort=VALUES(sort), data=VALUES(data);
INSERT INTO `fieldgroups_fields` (fieldgroups_id, fields_id, sort, data) VALUES('88', '1', '0', '') ON DUPLICATE KEY UPDATE fieldgroups_id=VALUES(fieldgroups_id), fields_id=VALUES(fields_id), sort=VALUES(sort), data=VALUES(data);
INSERT INTO `fieldgroups_fields` (fieldgroups_id, fields_id, sort, data) VALUES('97', '82', '4', '') ON DUPLICATE KEY UPDATE fieldgroups_id=VALUES(fieldgroups_id), fields_id=VALUES(fields_id), sort=VALUES(sort), data=VALUES(data);
INSERT INTO `fieldgroups_fields` (fieldgroups_id, fields_id, sort, data) VALUES('97', '78', '1', '') ON DUPLICATE KEY UPDATE fieldgroups_id=VALUES(fieldgroups_id), fields_id=VALUES(fields_id), sort=VALUES(sort), data=VALUES(data);
INSERT INTO `fieldgroups_fields` (fieldgroups_id, fields_id, sort, data) VALUES('97', '79', '2', '') ON DUPLICATE KEY UPDATE fieldgroups_id=VALUES(fieldgroups_id), fields_id=VALUES(fields_id), sort=VALUES(sort), data=VALUES(data);
INSERT INTO `fieldgroups_fields` (fieldgroups_id, fields_id, sort, data) VALUES('97', '76', '3', '') ON DUPLICATE KEY UPDATE fieldgroups_id=VALUES(fieldgroups_id), fields_id=VALUES(fields_id), sort=VALUES(sort), data=VALUES(data);
INSERT INTO `fieldgroups_fields` (fieldgroups_id, fields_id, sort, data) VALUES('97', '1', '0', '') ON DUPLICATE KEY UPDATE fieldgroups_id=VALUES(fieldgroups_id), fields_id=VALUES(fields_id), sort=VALUES(sort), data=VALUES(data);
INSERT INTO `fieldgroups_fields` (fieldgroups_id, fields_id, sort, data) VALUES('98', '78', '0', '') ON DUPLICATE KEY UPDATE fieldgroups_id=VALUES(fieldgroups_id), fields_id=VALUES(fields_id), sort=VALUES(sort), data=VALUES(data);
INSERT INTO `fieldgroups_fields` (fieldgroups_id, fields_id, sort, data) VALUES('98', '76', '1', '') ON DUPLICATE KEY UPDATE fieldgroups_id=VALUES(fieldgroups_id), fields_id=VALUES(fields_id), sort=VALUES(sort), data=VALUES(data);
INSERT INTO `fieldgroups_fields` (fieldgroups_id, fields_id, sort, data) VALUES('97', '97', '5', '') ON DUPLICATE KEY UPDATE fieldgroups_id=VALUES(fieldgroups_id), fields_id=VALUES(fields_id), sort=VALUES(sort), data=VALUES(data);
INSERT INTO `fieldgroups_fields` (fieldgroups_id, fields_id, sort, data) VALUES('97', '44', '6', '') ON DUPLICATE KEY UPDATE fieldgroups_id=VALUES(fieldgroups_id), fields_id=VALUES(fields_id), sort=VALUES(sort), data=VALUES(data);

INSERT INTO `fields` (id, type, name, flags, label, data) VALUES('82', 'FieldtypeTextarea', 'sidebar', '0', 'Sidebar', '{\"inputfieldClass\":\"InputfieldTinyMCE\",\"rows\":5,\"theme_advanced_buttons1\":\"formatselect,styleselect|,bold,italic,|,bullist,numlist,|,link,unlink,|,image,|,code,|,fullscreen\",\"theme_advanced_blockformats\":\"p,h2,h3,h4,blockquote,pre,code\",\"plugins\":\"inlinepopups,safari,table,media,paste,fullscreen,preelementfix\",\"valid_elements\":\"@[id|class],a[href|target|name],strong\\/b,em\\/i,br,img[src|id|class|width|height|alt],ul,ol,li,p[class],h2,h3,h4,blockquote,-p,-table[border=0|cellspacing|cellpadding|width|frame|rules|height|align|summary|bgcolor|background|bordercolor],-tr[rowspan|width|height|align|valign|bgcolor|background|bordercolor],tbody,thead,tfoot,#td[colspan|rowspan|width|height|align|valign|bgcolor|background|bordercolor|scope],#th[colspan|rowspan|width|height|align|valign|scope],pre,code\"}') ON DUPLICATE KEY UPDATE id=VALUES(id), type=VALUES(type), name=VALUES(name), flags=VALUES(flags), label=VALUES(label), data=VALUES(data);
INSERT INTO `fields` (id, type, name, flags, label, data) VALUES('44', 'FieldtypeImage', 'images', '0', 'Images', '{\"extensions\":\"gif jpg jpeg png\",\"entityEncode\":1,\"adminThumbs\":1,\"inputfieldClass\":\"InputfieldImage\",\"maxFiles\":0,\"descriptionRows\":1,\"fileSchema\":2}') ON DUPLICATE KEY UPDATE id=VALUES(id), type=VALUES(type), name=VALUES(name), flags=VALUES(flags), label=VALUES(label), data=VALUES(data);
INSERT INTO `fields` (id, type, name, flags, label, data) VALUES('79', 'FieldtypeTextarea', 'summary', '1', 'Summary', '{\"textformatters\":[\"TextformatterEntities\"],\"inputfieldClass\":\"InputfieldTextarea\",\"collapsed\":2,\"rows\":3}') ON DUPLICATE KEY UPDATE id=VALUES(id), type=VALUES(type), name=VALUES(name), flags=VALUES(flags), label=VALUES(label), data=VALUES(data);
INSERT INTO `fields` (id, type, name, flags, label, data) VALUES('76', 'FieldtypeTextarea', 'body', '0', 'Body', '{\"inputfieldClass\":\"InputfieldTinyMCE\",\"collapsed\":0,\"rows\":10,\"theme_advanced_buttons1\":\"formatselect,|,bold,italic,|,bullist,numlist,|,link,unlink,|,image,|,code,|,fullscreen\",\"theme_advanced_blockformats\":\"p,h2,h3,h4,blockquote,pre\",\"plugins\":\"inlinepopups,safari,media,paste,fullscreen\",\"valid_elements\":\"@[id|class],a[href|target|name],strong\\/b,em\\/i,br,img[src|id|class|width|height|alt],ul,ol,li,p[class],h2,h3,h4,blockquote,-p,-table[border=0|cellspacing|cellpadding|width|frame|rules|height|align|summary|bgcolor|background|bordercolor],-tr[rowspan|width|height|align|valign|bgcolor|background|bordercolor],tbody,thead,tfoot,#td[colspan|rowspan|width|height|align|valign|bgcolor|background|bordercolor|scope],#th[colspan|rowspan|width|height|align|valign|scope],code,pre\"}') ON DUPLICATE KEY UPDATE id=VALUES(id), type=VALUES(type), name=VALUES(name), flags=VALUES(flags), label=VALUES(label), data=VALUES(data);
INSERT INTO `fields` (id, type, name, flags, label, data) VALUES('78', 'FieldtypeText', 'headline', '0', 'Headline', '{\"description\":\"Use this instead of the Title if a longer headline is needed than what you want to appear in navigation.\",\"textformatters\":[\"TextformatterEntities\"],\"collapsed\":2,\"size\":0,\"maxlength\":1024}') ON DUPLICATE KEY UPDATE id=VALUES(id), type=VALUES(type), name=VALUES(name), flags=VALUES(flags), label=VALUES(label), data=VALUES(data);
INSERT INTO `fields` (id, type, name, flags, label, data) VALUES('97', 'FieldtypeRepeater', 'contentTeaser', '0', 'Content Teaser', '{\"description\":\"Use this to ouput content boxes on your front page.\",\"template_id\":44,\"parent_id\":1008,\"repeaterReadyItems\":3,\"repeaterFields\":[78,76]}') ON DUPLICATE KEY UPDATE id=VALUES(id), type=VALUES(type), name=VALUES(name), flags=VALUES(flags), label=VALUES(label), data=VALUES(data);

INSERT INTO `modules` (id, class, flags, data) VALUES('148', 'AfterSaveActions', '3', '{\"configInputType\":\"dropdown\"}') ON DUPLICATE KEY UPDATE id=VALUES(id), class=VALUES(class), flags=VALUES(flags), data=VALUES(data);
INSERT INTO `modules` (id, class, flags, data) VALUES('149', 'EmailObfuscator', '3', '{\"script_location\":\"<\\/head>\"}') ON DUPLICATE KEY UPDATE id=VALUES(id), class=VALUES(class), flags=VALUES(flags), data=VALUES(data);
INSERT INTO `modules` (id, class, flags, data) VALUES('150', 'FieldtypeRepeater', '3', '{\"repeatersRootPageID\":1007}') ON DUPLICATE KEY UPDATE id=VALUES(id), class=VALUES(class), flags=VALUES(flags), data=VALUES(data);
INSERT INTO `modules` (id, class, flags, data) VALUES('151', 'InputfieldRepeater', '0', '') ON DUPLICATE KEY UPDATE id=VALUES(id), class=VALUES(class), flags=VALUES(flags), data=VALUES(data);
INSERT INTO `modules` (id, class, flags, data) VALUES('152', 'ProcessExportProfile', '1', '') ON DUPLICATE KEY UPDATE id=VALUES(id), class=VALUES(class), flags=VALUES(flags), data=VALUES(data);

INSERT INTO `pages` (id, parent_id, templates_id, name, status, modified, modified_users_id, created, created_users_id, sort) VALUES('1', '0', '43', 'home', '9', '2013-06-11 16:57:07', '41', '0000-00-00 00:00:00', '2', '0') ON DUPLICATE KEY UPDATE id=VALUES(id), parent_id=VALUES(parent_id), templates_id=VALUES(templates_id), name=VALUES(name), status=VALUES(status), modified=VALUES(modified), modified_users_id=VALUES(modified_users_id), created=VALUES(created), created_users_id=VALUES(created_users_id), sort=VALUES(sort);
INSERT INTO `pages` (id, parent_id, templates_id, name, status, modified, modified_users_id, created, created_users_id, sort) VALUES('27', '1', '43', 'http404', '1035', '2013-05-23 16:54:57', '41', '2010-06-03 06:53:03', '3', '5') ON DUPLICATE KEY UPDATE id=VALUES(id), parent_id=VALUES(parent_id), templates_id=VALUES(templates_id), name=VALUES(name), status=VALUES(status), modified=VALUES(modified), modified_users_id=VALUES(modified_users_id), created=VALUES(created), created_users_id=VALUES(created_users_id), sort=VALUES(sort);
INSERT INTO `pages` (id, parent_id, templates_id, name, status, modified, modified_users_id, created, created_users_id, sort) VALUES('1000', '1', '26', 'search', '1025', '2013-06-06 19:10:52', '41', '2010-09-06 05:05:28', '2', '4') ON DUPLICATE KEY UPDATE id=VALUES(id), parent_id=VALUES(parent_id), templates_id=VALUES(templates_id), name=VALUES(name), status=VALUES(status), modified=VALUES(modified), modified_users_id=VALUES(modified_users_id), created=VALUES(created), created_users_id=VALUES(created_users_id), sort=VALUES(sort);
INSERT INTO `pages` (id, parent_id, templates_id, name, status, modified, modified_users_id, created, created_users_id, sort) VALUES('1009', '1008', '2', 'for-page-1', '17', '2013-06-07 14:48:51', '41', '2013-06-07 14:48:51', '41', '0') ON DUPLICATE KEY UPDATE id=VALUES(id), parent_id=VALUES(parent_id), templates_id=VALUES(templates_id), name=VALUES(name), status=VALUES(status), modified=VALUES(modified), modified_users_id=VALUES(modified_users_id), created=VALUES(created), created_users_id=VALUES(created_users_id), sort=VALUES(sort);
INSERT INTO `pages` (id, parent_id, templates_id, name, status, modified, modified_users_id, created, created_users_id, sort) VALUES('1007', '2', '2', 'repeaters', '1036', '2013-06-06 19:20:47', '41', '2013-06-06 19:20:47', '41', '6') ON DUPLICATE KEY UPDATE id=VALUES(id), parent_id=VALUES(parent_id), templates_id=VALUES(templates_id), name=VALUES(name), status=VALUES(status), modified=VALUES(modified), modified_users_id=VALUES(modified_users_id), created=VALUES(created), created_users_id=VALUES(created_users_id), sort=VALUES(sort);
INSERT INTO `pages` (id, parent_id, templates_id, name, status, modified, modified_users_id, created, created_users_id, sort) VALUES('1008', '1007', '2', 'for-field-97', '17', '2013-06-06 19:21:45', '41', '2013-06-06 19:21:45', '41', '0') ON DUPLICATE KEY UPDATE id=VALUES(id), parent_id=VALUES(parent_id), templates_id=VALUES(templates_id), name=VALUES(name), status=VALUES(status), modified=VALUES(modified), modified_users_id=VALUES(modified_users_id), created=VALUES(created), created_users_id=VALUES(created_users_id), sort=VALUES(sort);
INSERT INTO `pages` (id, parent_id, templates_id, name, status, modified, modified_users_id, created, created_users_id, sort) VALUES('1005', '1', '34', 'site-map', '1', '2013-06-07 22:00:50', '41', '2010-11-30 21:16:49', '2', '3') ON DUPLICATE KEY UPDATE id=VALUES(id), parent_id=VALUES(parent_id), templates_id=VALUES(templates_id), name=VALUES(name), status=VALUES(status), modified=VALUES(modified), modified_users_id=VALUES(modified_users_id), created=VALUES(created), created_users_id=VALUES(created_users_id), sort=VALUES(sort);
INSERT INTO `pages` (id, parent_id, templates_id, name, status, modified, modified_users_id, created, created_users_id, sort) VALUES('1006', '1', '43', 'content-page', '1', '2013-06-06 19:16:38', '41', '2013-06-06 19:11:41', '41', '2') ON DUPLICATE KEY UPDATE id=VALUES(id), parent_id=VALUES(parent_id), templates_id=VALUES(templates_id), name=VALUES(name), status=VALUES(status), modified=VALUES(modified), modified_users_id=VALUES(modified_users_id), created=VALUES(created), created_users_id=VALUES(created_users_id), sort=VALUES(sort);
INSERT INTO `pages` (id, parent_id, templates_id, name, status, modified, modified_users_id, created, created_users_id, sort) VALUES('1010', '1009', '44', '1370609331-63-1', '1', '2013-06-07 14:50:51', '41', '2013-06-07 14:48:51', '41', '0') ON DUPLICATE KEY UPDATE id=VALUES(id), parent_id=VALUES(parent_id), templates_id=VALUES(templates_id), name=VALUES(name), status=VALUES(status), modified=VALUES(modified), modified_users_id=VALUES(modified_users_id), created=VALUES(created), created_users_id=VALUES(created_users_id), sort=VALUES(sort);
INSERT INTO `pages` (id, parent_id, templates_id, name, status, modified, modified_users_id, created, created_users_id, sort) VALUES('1011', '1009', '44', '1370609331-63-2', '1', '2013-06-07 14:50:51', '41', '2013-06-07 14:48:51', '41', '1') ON DUPLICATE KEY UPDATE id=VALUES(id), parent_id=VALUES(parent_id), templates_id=VALUES(templates_id), name=VALUES(name), status=VALUES(status), modified=VALUES(modified), modified_users_id=VALUES(modified_users_id), created=VALUES(created), created_users_id=VALUES(created_users_id), sort=VALUES(sort);
INSERT INTO `pages` (id, parent_id, templates_id, name, status, modified, modified_users_id, created, created_users_id, sort) VALUES('1012', '1009', '44', '1370609331-64-3', '1', '2013-06-07 14:50:51', '41', '2013-06-07 14:48:51', '41', '2') ON DUPLICATE KEY UPDATE id=VALUES(id), parent_id=VALUES(parent_id), templates_id=VALUES(templates_id), name=VALUES(name), status=VALUES(status), modified=VALUES(modified), modified_users_id=VALUES(modified_users_id), created=VALUES(created), created_users_id=VALUES(created_users_id), sort=VALUES(sort);
INSERT INTO `pages` (id, parent_id, templates_id, name, status, modified, modified_users_id, created, created_users_id, sort) VALUES('1013', '1009', '44', '1370609414-44-1', '3073', '2013-06-07 14:50:14', '41', '2013-06-07 14:50:14', '41', '3') ON DUPLICATE KEY UPDATE id=VALUES(id), parent_id=VALUES(parent_id), templates_id=VALUES(templates_id), name=VALUES(name), status=VALUES(status), modified=VALUES(modified), modified_users_id=VALUES(modified_users_id), created=VALUES(created), created_users_id=VALUES(created_users_id), sort=VALUES(sort);
INSERT INTO `pages` (id, parent_id, templates_id, name, status, modified, modified_users_id, created, created_users_id, sort) VALUES('1014', '1009', '44', '1370609414-45-2', '3073', '2013-06-07 14:50:14', '41', '2013-06-07 14:50:14', '41', '4') ON DUPLICATE KEY UPDATE id=VALUES(id), parent_id=VALUES(parent_id), templates_id=VALUES(templates_id), name=VALUES(name), status=VALUES(status), modified=VALUES(modified), modified_users_id=VALUES(modified_users_id), created=VALUES(created), created_users_id=VALUES(created_users_id), sort=VALUES(sort);
INSERT INTO `pages` (id, parent_id, templates_id, name, status, modified, modified_users_id, created, created_users_id, sort) VALUES('1015', '1009', '44', '1370609414-46-3', '3073', '2013-06-07 14:50:14', '41', '2013-06-07 14:50:14', '41', '5') ON DUPLICATE KEY UPDATE id=VALUES(id), parent_id=VALUES(parent_id), templates_id=VALUES(templates_id), name=VALUES(name), status=VALUES(status), modified=VALUES(modified), modified_users_id=VALUES(modified_users_id), created=VALUES(created), created_users_id=VALUES(created_users_id), sort=VALUES(sort);
INSERT INTO `pages` (id, parent_id, templates_id, name, status, modified, modified_users_id, created, created_users_id, sort) VALUES('1016', '1008', '2', 'for-page-1006', '17', '2013-06-07 15:58:42', '41', '2013-06-07 15:58:42', '41', '1') ON DUPLICATE KEY UPDATE id=VALUES(id), parent_id=VALUES(parent_id), templates_id=VALUES(templates_id), name=VALUES(name), status=VALUES(status), modified=VALUES(modified), modified_users_id=VALUES(modified_users_id), created=VALUES(created), created_users_id=VALUES(created_users_id), sort=VALUES(sort);
INSERT INTO `pages` (id, parent_id, templates_id, name, status, modified, modified_users_id, created, created_users_id, sort) VALUES('1017', '1016', '44', '1370613522-74-1', '3073', '2013-06-07 15:58:42', '41', '2013-06-07 15:58:42', '41', '0') ON DUPLICATE KEY UPDATE id=VALUES(id), parent_id=VALUES(parent_id), templates_id=VALUES(templates_id), name=VALUES(name), status=VALUES(status), modified=VALUES(modified), modified_users_id=VALUES(modified_users_id), created=VALUES(created), created_users_id=VALUES(created_users_id), sort=VALUES(sort);
INSERT INTO `pages` (id, parent_id, templates_id, name, status, modified, modified_users_id, created, created_users_id, sort) VALUES('1018', '1016', '44', '1370613522-79-2', '3073', '2013-06-07 15:58:42', '41', '2013-06-07 15:58:42', '41', '1') ON DUPLICATE KEY UPDATE id=VALUES(id), parent_id=VALUES(parent_id), templates_id=VALUES(templates_id), name=VALUES(name), status=VALUES(status), modified=VALUES(modified), modified_users_id=VALUES(modified_users_id), created=VALUES(created), created_users_id=VALUES(created_users_id), sort=VALUES(sort);
INSERT INTO `pages` (id, parent_id, templates_id, name, status, modified, modified_users_id, created, created_users_id, sort) VALUES('1019', '1016', '44', '1370613522-8-3', '3073', '2013-06-07 15:58:42', '41', '2013-06-07 15:58:42', '41', '2') ON DUPLICATE KEY UPDATE id=VALUES(id), parent_id=VALUES(parent_id), templates_id=VALUES(templates_id), name=VALUES(name), status=VALUES(status), modified=VALUES(modified), modified_users_id=VALUES(modified_users_id), created=VALUES(created), created_users_id=VALUES(created_users_id), sort=VALUES(sort);
INSERT INTO `pages` (id, parent_id, templates_id, name, status, modified, modified_users_id, created, created_users_id, sort) VALUES('1024', '1006', '43', 'content-subpage', '1', '2013-06-07 22:36:49', '41', '2013-06-07 22:17:57', '41', '0') ON DUPLICATE KEY UPDATE id=VALUES(id), parent_id=VALUES(parent_id), templates_id=VALUES(templates_id), name=VALUES(name), status=VALUES(status), modified=VALUES(modified), modified_users_id=VALUES(modified_users_id), created=VALUES(created), created_users_id=VALUES(created_users_id), sort=VALUES(sort);
INSERT INTO `pages` (id, parent_id, templates_id, name, status, modified, modified_users_id, created, created_users_id, sort) VALUES('1025', '1008', '2', 'for-page-1024', '17', '2013-06-07 22:17:57', '41', '2013-06-07 22:17:57', '41', '2') ON DUPLICATE KEY UPDATE id=VALUES(id), parent_id=VALUES(parent_id), templates_id=VALUES(templates_id), name=VALUES(name), status=VALUES(status), modified=VALUES(modified), modified_users_id=VALUES(modified_users_id), created=VALUES(created), created_users_id=VALUES(created_users_id), sort=VALUES(sort);
INSERT INTO `pages` (id, parent_id, templates_id, name, status, modified, modified_users_id, created, created_users_id, sort) VALUES('1026', '1025', '44', '1370636278-2-1', '3073', '2013-06-07 22:17:58', '41', '2013-06-07 22:17:58', '41', '0') ON DUPLICATE KEY UPDATE id=VALUES(id), parent_id=VALUES(parent_id), templates_id=VALUES(templates_id), name=VALUES(name), status=VALUES(status), modified=VALUES(modified), modified_users_id=VALUES(modified_users_id), created=VALUES(created), created_users_id=VALUES(created_users_id), sort=VALUES(sort);
INSERT INTO `pages` (id, parent_id, templates_id, name, status, modified, modified_users_id, created, created_users_id, sort) VALUES('1027', '1025', '44', '1370636278-21-2', '3073', '2013-06-07 22:17:58', '41', '2013-06-07 22:17:58', '41', '1') ON DUPLICATE KEY UPDATE id=VALUES(id), parent_id=VALUES(parent_id), templates_id=VALUES(templates_id), name=VALUES(name), status=VALUES(status), modified=VALUES(modified), modified_users_id=VALUES(modified_users_id), created=VALUES(created), created_users_id=VALUES(created_users_id), sort=VALUES(sort);
INSERT INTO `pages` (id, parent_id, templates_id, name, status, modified, modified_users_id, created, created_users_id, sort) VALUES('1028', '1025', '44', '1370636278-22-3', '3073', '2013-06-07 22:17:58', '41', '2013-06-07 22:17:58', '41', '2') ON DUPLICATE KEY UPDATE id=VALUES(id), parent_id=VALUES(parent_id), templates_id=VALUES(templates_id), name=VALUES(name), status=VALUES(status), modified=VALUES(modified), modified_users_id=VALUES(modified_users_id), created=VALUES(created), created_users_id=VALUES(created_users_id), sort=VALUES(sort);
INSERT INTO `pages` (id, parent_id, templates_id, name, status, modified, modified_users_id, created, created_users_id, sort) VALUES('1029', '22', '2', 'export-site-profile', '1', '2013-06-11 16:48:49', '41', '2013-06-11 16:48:49', '41', '2') ON DUPLICATE KEY UPDATE id=VALUES(id), parent_id=VALUES(parent_id), templates_id=VALUES(templates_id), name=VALUES(name), status=VALUES(status), modified=VALUES(modified), modified_users_id=VALUES(modified_users_id), created=VALUES(created), created_users_id=VALUES(created_users_id), sort=VALUES(sort);

INSERT INTO `pages_access` (pages_id, templates_id, ts) VALUES('37', '2', '2013-05-23 16:53:40') ON DUPLICATE KEY UPDATE pages_id=VALUES(pages_id), templates_id=VALUES(templates_id), ts=VALUES(ts);
INSERT INTO `pages_access` (pages_id, templates_id, ts) VALUES('38', '2', '2013-05-23 16:53:40') ON DUPLICATE KEY UPDATE pages_id=VALUES(pages_id), templates_id=VALUES(templates_id), ts=VALUES(ts);
INSERT INTO `pages_access` (pages_id, templates_id, ts) VALUES('32', '2', '2013-05-23 16:53:40') ON DUPLICATE KEY UPDATE pages_id=VALUES(pages_id), templates_id=VALUES(templates_id), ts=VALUES(ts);
INSERT INTO `pages_access` (pages_id, templates_id, ts) VALUES('34', '2', '2013-05-23 16:53:40') ON DUPLICATE KEY UPDATE pages_id=VALUES(pages_id), templates_id=VALUES(templates_id), ts=VALUES(ts);
INSERT INTO `pages_access` (pages_id, templates_id, ts) VALUES('35', '2', '2013-05-23 16:53:40') ON DUPLICATE KEY UPDATE pages_id=VALUES(pages_id), templates_id=VALUES(templates_id), ts=VALUES(ts);
INSERT INTO `pages_access` (pages_id, templates_id, ts) VALUES('36', '2', '2013-05-23 16:53:40') ON DUPLICATE KEY UPDATE pages_id=VALUES(pages_id), templates_id=VALUES(templates_id), ts=VALUES(ts);
INSERT INTO `pages_access` (pages_id, templates_id, ts) VALUES('50', '2', '2013-05-23 16:53:40') ON DUPLICATE KEY UPDATE pages_id=VALUES(pages_id), templates_id=VALUES(templates_id), ts=VALUES(ts);
INSERT INTO `pages_access` (pages_id, templates_id, ts) VALUES('51', '2', '2013-05-23 16:53:40') ON DUPLICATE KEY UPDATE pages_id=VALUES(pages_id), templates_id=VALUES(templates_id), ts=VALUES(ts);
INSERT INTO `pages_access` (pages_id, templates_id, ts) VALUES('52', '2', '2013-05-23 16:53:40') ON DUPLICATE KEY UPDATE pages_id=VALUES(pages_id), templates_id=VALUES(templates_id), ts=VALUES(ts);
INSERT INTO `pages_access` (pages_id, templates_id, ts) VALUES('53', '2', '2013-05-23 16:53:40') ON DUPLICATE KEY UPDATE pages_id=VALUES(pages_id), templates_id=VALUES(templates_id), ts=VALUES(ts);
INSERT INTO `pages_access` (pages_id, templates_id, ts) VALUES('54', '2', '2013-05-23 16:53:40') ON DUPLICATE KEY UPDATE pages_id=VALUES(pages_id), templates_id=VALUES(templates_id), ts=VALUES(ts);
INSERT INTO `pages_access` (pages_id, templates_id, ts) VALUES('1010', '2', '2013-06-07 14:48:51') ON DUPLICATE KEY UPDATE pages_id=VALUES(pages_id), templates_id=VALUES(templates_id), ts=VALUES(ts);
INSERT INTO `pages_access` (pages_id, templates_id, ts) VALUES('1012', '2', '2013-06-07 14:48:51') ON DUPLICATE KEY UPDATE pages_id=VALUES(pages_id), templates_id=VALUES(templates_id), ts=VALUES(ts);
INSERT INTO `pages_access` (pages_id, templates_id, ts) VALUES('1011', '2', '2013-06-07 14:48:51') ON DUPLICATE KEY UPDATE pages_id=VALUES(pages_id), templates_id=VALUES(templates_id), ts=VALUES(ts);
INSERT INTO `pages_access` (pages_id, templates_id, ts) VALUES('1000', '43', '2013-06-06 19:10:52') ON DUPLICATE KEY UPDATE pages_id=VALUES(pages_id), templates_id=VALUES(templates_id), ts=VALUES(ts);
INSERT INTO `pages_access` (pages_id, templates_id, ts) VALUES('1013', '2', '2013-06-07 14:50:14') ON DUPLICATE KEY UPDATE pages_id=VALUES(pages_id), templates_id=VALUES(templates_id), ts=VALUES(ts);
INSERT INTO `pages_access` (pages_id, templates_id, ts) VALUES('1014', '2', '2013-06-07 14:50:14') ON DUPLICATE KEY UPDATE pages_id=VALUES(pages_id), templates_id=VALUES(templates_id), ts=VALUES(ts);
INSERT INTO `pages_access` (pages_id, templates_id, ts) VALUES('1015', '2', '2013-06-07 14:50:14') ON DUPLICATE KEY UPDATE pages_id=VALUES(pages_id), templates_id=VALUES(templates_id), ts=VALUES(ts);
INSERT INTO `pages_access` (pages_id, templates_id, ts) VALUES('1017', '2', '2013-06-07 15:58:42') ON DUPLICATE KEY UPDATE pages_id=VALUES(pages_id), templates_id=VALUES(templates_id), ts=VALUES(ts);
INSERT INTO `pages_access` (pages_id, templates_id, ts) VALUES('1018', '2', '2013-06-07 15:58:42') ON DUPLICATE KEY UPDATE pages_id=VALUES(pages_id), templates_id=VALUES(templates_id), ts=VALUES(ts);
INSERT INTO `pages_access` (pages_id, templates_id, ts) VALUES('1019', '2', '2013-06-07 15:58:42') ON DUPLICATE KEY UPDATE pages_id=VALUES(pages_id), templates_id=VALUES(templates_id), ts=VALUES(ts);
INSERT INTO `pages_access` (pages_id, templates_id, ts) VALUES('1027', '2', '2013-06-07 22:17:58') ON DUPLICATE KEY UPDATE pages_id=VALUES(pages_id), templates_id=VALUES(templates_id), ts=VALUES(ts);
INSERT INTO `pages_access` (pages_id, templates_id, ts) VALUES('1026', '2', '2013-06-07 22:17:58') ON DUPLICATE KEY UPDATE pages_id=VALUES(pages_id), templates_id=VALUES(templates_id), ts=VALUES(ts);
INSERT INTO `pages_access` (pages_id, templates_id, ts) VALUES('1005', '43', '2013-06-07 22:00:50') ON DUPLICATE KEY UPDATE pages_id=VALUES(pages_id), templates_id=VALUES(templates_id), ts=VALUES(ts);
INSERT INTO `pages_access` (pages_id, templates_id, ts) VALUES('1028', '2', '2013-06-07 22:17:58') ON DUPLICATE KEY UPDATE pages_id=VALUES(pages_id), templates_id=VALUES(templates_id), ts=VALUES(ts);

INSERT INTO `pages_parents` (pages_id, parents_id) VALUES('2', '1') ON DUPLICATE KEY UPDATE pages_id=VALUES(pages_id), parents_id=VALUES(parents_id);
INSERT INTO `pages_parents` (pages_id, parents_id) VALUES('3', '1') ON DUPLICATE KEY UPDATE pages_id=VALUES(pages_id), parents_id=VALUES(parents_id);
INSERT INTO `pages_parents` (pages_id, parents_id) VALUES('3', '2') ON DUPLICATE KEY UPDATE pages_id=VALUES(pages_id), parents_id=VALUES(parents_id);
INSERT INTO `pages_parents` (pages_id, parents_id) VALUES('7', '1') ON DUPLICATE KEY UPDATE pages_id=VALUES(pages_id), parents_id=VALUES(parents_id);
INSERT INTO `pages_parents` (pages_id, parents_id) VALUES('22', '1') ON DUPLICATE KEY UPDATE pages_id=VALUES(pages_id), parents_id=VALUES(parents_id);
INSERT INTO `pages_parents` (pages_id, parents_id) VALUES('22', '2') ON DUPLICATE KEY UPDATE pages_id=VALUES(pages_id), parents_id=VALUES(parents_id);
INSERT INTO `pages_parents` (pages_id, parents_id) VALUES('28', '1') ON DUPLICATE KEY UPDATE pages_id=VALUES(pages_id), parents_id=VALUES(parents_id);
INSERT INTO `pages_parents` (pages_id, parents_id) VALUES('28', '2') ON DUPLICATE KEY UPDATE pages_id=VALUES(pages_id), parents_id=VALUES(parents_id);
INSERT INTO `pages_parents` (pages_id, parents_id) VALUES('29', '1') ON DUPLICATE KEY UPDATE pages_id=VALUES(pages_id), parents_id=VALUES(parents_id);
INSERT INTO `pages_parents` (pages_id, parents_id) VALUES('29', '2') ON DUPLICATE KEY UPDATE pages_id=VALUES(pages_id), parents_id=VALUES(parents_id);
INSERT INTO `pages_parents` (pages_id, parents_id) VALUES('29', '28') ON DUPLICATE KEY UPDATE pages_id=VALUES(pages_id), parents_id=VALUES(parents_id);
INSERT INTO `pages_parents` (pages_id, parents_id) VALUES('30', '1') ON DUPLICATE KEY UPDATE pages_id=VALUES(pages_id), parents_id=VALUES(parents_id);
INSERT INTO `pages_parents` (pages_id, parents_id) VALUES('30', '2') ON DUPLICATE KEY UPDATE pages_id=VALUES(pages_id), parents_id=VALUES(parents_id);
INSERT INTO `pages_parents` (pages_id, parents_id) VALUES('30', '28') ON DUPLICATE KEY UPDATE pages_id=VALUES(pages_id), parents_id=VALUES(parents_id);
INSERT INTO `pages_parents` (pages_id, parents_id) VALUES('31', '1') ON DUPLICATE KEY UPDATE pages_id=VALUES(pages_id), parents_id=VALUES(parents_id);
INSERT INTO `pages_parents` (pages_id, parents_id) VALUES('31', '2') ON DUPLICATE KEY UPDATE pages_id=VALUES(pages_id), parents_id=VALUES(parents_id);
INSERT INTO `pages_parents` (pages_id, parents_id) VALUES('31', '28') ON DUPLICATE KEY UPDATE pages_id=VALUES(pages_id), parents_id=VALUES(parents_id);
INSERT INTO `pages_parents` (pages_id, parents_id) VALUES('1005', '1') ON DUPLICATE KEY UPDATE pages_id=VALUES(pages_id), parents_id=VALUES(parents_id);
INSERT INTO `pages_parents` (pages_id, parents_id) VALUES('1006', '1') ON DUPLICATE KEY UPDATE pages_id=VALUES(pages_id), parents_id=VALUES(parents_id);
INSERT INTO `pages_parents` (pages_id, parents_id) VALUES('1007', '1') ON DUPLICATE KEY UPDATE pages_id=VALUES(pages_id), parents_id=VALUES(parents_id);
INSERT INTO `pages_parents` (pages_id, parents_id) VALUES('1007', '2') ON DUPLICATE KEY UPDATE pages_id=VALUES(pages_id), parents_id=VALUES(parents_id);
INSERT INTO `pages_parents` (pages_id, parents_id) VALUES('1008', '1') ON DUPLICATE KEY UPDATE pages_id=VALUES(pages_id), parents_id=VALUES(parents_id);
INSERT INTO `pages_parents` (pages_id, parents_id) VALUES('1008', '2') ON DUPLICATE KEY UPDATE pages_id=VALUES(pages_id), parents_id=VALUES(parents_id);
INSERT INTO `pages_parents` (pages_id, parents_id) VALUES('1008', '1007') ON DUPLICATE KEY UPDATE pages_id=VALUES(pages_id), parents_id=VALUES(parents_id);
INSERT INTO `pages_parents` (pages_id, parents_id) VALUES('1009', '1') ON DUPLICATE KEY UPDATE pages_id=VALUES(pages_id), parents_id=VALUES(parents_id);
INSERT INTO `pages_parents` (pages_id, parents_id) VALUES('1009', '2') ON DUPLICATE KEY UPDATE pages_id=VALUES(pages_id), parents_id=VALUES(parents_id);
INSERT INTO `pages_parents` (pages_id, parents_id) VALUES('1009', '1007') ON DUPLICATE KEY UPDATE pages_id=VALUES(pages_id), parents_id=VALUES(parents_id);
INSERT INTO `pages_parents` (pages_id, parents_id) VALUES('1009', '1008') ON DUPLICATE KEY UPDATE pages_id=VALUES(pages_id), parents_id=VALUES(parents_id);
INSERT INTO `pages_parents` (pages_id, parents_id) VALUES('1016', '1') ON DUPLICATE KEY UPDATE pages_id=VALUES(pages_id), parents_id=VALUES(parents_id);
INSERT INTO `pages_parents` (pages_id, parents_id) VALUES('1016', '2') ON DUPLICATE KEY UPDATE pages_id=VALUES(pages_id), parents_id=VALUES(parents_id);
INSERT INTO `pages_parents` (pages_id, parents_id) VALUES('1016', '1007') ON DUPLICATE KEY UPDATE pages_id=VALUES(pages_id), parents_id=VALUES(parents_id);
INSERT INTO `pages_parents` (pages_id, parents_id) VALUES('1016', '1008') ON DUPLICATE KEY UPDATE pages_id=VALUES(pages_id), parents_id=VALUES(parents_id);
INSERT INTO `pages_parents` (pages_id, parents_id) VALUES('1025', '1') ON DUPLICATE KEY UPDATE pages_id=VALUES(pages_id), parents_id=VALUES(parents_id);
INSERT INTO `pages_parents` (pages_id, parents_id) VALUES('1025', '2') ON DUPLICATE KEY UPDATE pages_id=VALUES(pages_id), parents_id=VALUES(parents_id);
INSERT INTO `pages_parents` (pages_id, parents_id) VALUES('1025', '1007') ON DUPLICATE KEY UPDATE pages_id=VALUES(pages_id), parents_id=VALUES(parents_id);
INSERT INTO `pages_parents` (pages_id, parents_id) VALUES('1025', '1008') ON DUPLICATE KEY UPDATE pages_id=VALUES(pages_id), parents_id=VALUES(parents_id);



INSERT INTO `templates` (id, name, fieldgroups_id, flags, cache_time, data) VALUES('1', 'home', '1', '0', '0', '{\"useRoles\":1,\"noParents\":1,\"slashUrls\":1,\"roles\":[37]}') ON DUPLICATE KEY UPDATE id=VALUES(id), name=VALUES(name), fieldgroups_id=VALUES(fieldgroups_id), flags=VALUES(flags), cache_time=VALUES(cache_time), data=VALUES(data);
INSERT INTO `templates` (id, name, fieldgroups_id, flags, cache_time, data) VALUES('29', 'basic-page', '83', '0', '0', '{\"slashUrls\":1}') ON DUPLICATE KEY UPDATE id=VALUES(id), name=VALUES(name), fieldgroups_id=VALUES(fieldgroups_id), flags=VALUES(flags), cache_time=VALUES(cache_time), data=VALUES(data);
INSERT INTO `templates` (id, name, fieldgroups_id, flags, cache_time, data) VALUES('26', 'search', '80', '0', '0', '{\"noChildren\":1,\"noParents\":1,\"allowPageNum\":1,\"slashUrls\":1}') ON DUPLICATE KEY UPDATE id=VALUES(id), name=VALUES(name), fieldgroups_id=VALUES(fieldgroups_id), flags=VALUES(flags), cache_time=VALUES(cache_time), data=VALUES(data);
INSERT INTO `templates` (id, name, fieldgroups_id, flags, cache_time, data) VALUES('34', 'sitemap', '88', '0', '0', '{\"noChildren\":1,\"noParents\":1,\"redirectLogin\":23,\"slashUrls\":1}') ON DUPLICATE KEY UPDATE id=VALUES(id), name=VALUES(name), fieldgroups_id=VALUES(fieldgroups_id), flags=VALUES(flags), cache_time=VALUES(cache_time), data=VALUES(data);
INSERT INTO `templates` (id, name, fieldgroups_id, flags, cache_time, data) VALUES('43', 'responsive', '97', '0', '0', '{\"useRoles\":1,\"slashUrls\":1,\"roles\":[37]}') ON DUPLICATE KEY UPDATE id=VALUES(id), name=VALUES(name), fieldgroups_id=VALUES(fieldgroups_id), flags=VALUES(flags), cache_time=VALUES(cache_time), data=VALUES(data);
INSERT INTO `templates` (id, name, fieldgroups_id, flags, cache_time, data) VALUES('44', 'repeater_contentTeaser', '98', '8', '0', '{\"noChildren\":1,\"noParents\":1,\"slashUrls\":1,\"noGlobal\":1}') ON DUPLICATE KEY UPDATE id=VALUES(id), name=VALUES(name), fieldgroups_id=VALUES(fieldgroups_id), flags=VALUES(flags), cache_time=VALUES(cache_time), data=VALUES(data);
